{
    "loss": 0.9636474847793579,
    "accuracy": 0.8297872543334961
}